Date,Ticker,Close,Volume,RSI,StochK,BBLower,BBUpper,DonchLower,DonchUpper,WilliamsR,FearGreed,Patterns,Score,Opinion,ATR,StopLoss,TakeProfit,TrailingStop,TrailingStart,MACD,MACDSignal,MACDHistogram,SMA20,EMA20,SMA50,SMA200,VolumeRatio,TrendRegime,ConfluenceRatio,InstitutionalScore,InstitutionalPassed
2026-09-30,A,172.31,2590400,70.40,86.01,136.11,179.90,141.25,177.05,-13.99,74,ThreeRisingValleys|AscendingScallop,486.07,BUY,4.85,165.04,186.85,165.04,174.73,7.84,2.09,5.75,158.01,161.91,151.31,132.56,1.04,uptrend,0.83,0.83,true
2026-09-30,AAPL,333.02,49931500,54.37,35.29,316.65,346.05,309.90,345.34,-64.71,74,HeadAndShoulders|AscendingScallop,159.77,HOLD,7.25,322.14,354.78,322.14,336.65,7.92,8.58,-0.66,331.35,331.15,322.09,288.60,1.18,uptrend,0.00,0.58,true
2026-09-30,ABBV,261.59,4386600,51.63,49.58,251.49,270.60,246.77,269.39,-50.42,74,DoubleTop|HeadAndShoulders,48.79,HOLD,5.21,253.78,277.22,253.78,264.19,3.32,1.14,2.18,261.04,261.86,257.59,231.16,1.06,uptrend,0.00,0.55,true
2026-09-30,ABT,98.83,7571200,29.86,1.89,97.79,109.14,98.72,112.20,-98.11,74,DescendingScallop,175.00,HOLD,2.23,95.48,105.52,95.48,99.95,-3.62,-4.54,0.93,103.46,103.40,106.98,104.31,0.88,downtrend,0.00,0.08,false
2026-09-30,ACN,183.37,10531000,52.30,44.12,171.38,196.18,172.11,197.63,-55.88,74,DoubleBottom|DoubleTop|ThreeDescendingPeaks|DescendingScallop,115.99,HOLD,6.91,173.00,204.11,173.00,186.83,-1.53,-0.05,-1.48,183.78,181.85,177.45,196.59,1.98,downtrend,0.00,0.15,false
2026-09-30,ADBE,239.94,4516500,42.16,36.86,222.75,280.01,224.67,292.88,-63.14,74,ThreeDescendingPeaks|DescendingScallop,180.90,HOLD,9.24,226.08,267.65,226.08,244.56,-15.95,-13.62,-2.34,251.38,248.45,257.52,261.02,0.80,downtrend,0.00,0.08,false
2026-09-30,ADI,396.71,2362600,63.21,81.44,345.37,403.70,348.00,405.38,-18.56,74,ThreeRisingValleys|AscendingScallop,458.73,HOLD,10.75,380.58,428.97,380.58,402.09,9.59,2.98,6.60,374.54,380.70,374.38,358.22,0.72,uptrend,0.00,0.35,false
2026-09-30,ADM,79.38,3134300,37.75,8.42,78.88,89.16,78.52,88.75,-91.58,74,DoubleTop|InvertedCupWithHandle,166.00,HOLD,2.26,75.98,86.17,75.98,80.51,-0.40,1.45,-1.85,84.02,82.52,82.16,74.21,0.85,uptrend,0.00,0.22,false
2026-09-30,ADSK,209.00,1937200,39.25,29.35,197.81,236.89,199.18,250.42,-70.65,74,ThreeDescendingPeaks|DescendingScallop,174.03,HOLD,8.32,196.53,233.95,196.53,213.16,-11.71,-15.37,3.66,217.35,218.99,233.12,239.81,0.84,downtrend,0.00,0.08,false
2026-09-30,AKAM,106.35,6249400,44.54,14.83,99.79,117.86,100.77,128.46,-85.17,74,DoubleBottom,146.24,HOLD,6.55,96.53,126.00,96.53,109.62,1.70,0.13,1.57,108.82,110.11,112.38,111.46,1.11,downtrend,0.00,0.08,false
2026-09-30,ALB,105.78,1697500,33.97,6.63,99.03,134.68,104.66,138.05,-93.37,74,ThreeDescendingPeaks|DescendingScallop,216.00,SELL,4.75,112.90,91.53,112.90,103.41,-10.19,-10.06,-0.13,116.86,115.57,123.33,155.63,0.63,downtrend,0.00,0.08,false
2026-09-30,ALGN,145.35,917800,38.73,26.22,141.11,159.74,142.24,162.92,-73.78,74,DescendingScallop,185.72,HOLD,4.79,138.17,159.71,138.17,147.74,-4.76,-5.12,0.36,150.42,150.51,161.20,170.51,1.00,downtrend,0.00,0.08,false
2026-09-30,ALLE,153.77,671000,47.29,47.90,150.80,157.18,150.69,158.57,-52.10,74,DoubleBottom|DoubleTop,87.18,HOLD,3.24,148.91,163.49,148.91,155.39,-1.11,-2.43,1.32,153.99,154.62,158.01,150.36,0.63,uptrend,0.00,0.34,false
2026-09-30,AMAT,511.38,6255000,62.75,96.11,403.63,514.81,411.51,515.42,-3.89,74,DoubleBottom,409.89,HOLD,19.43,482.23,569.68,482.23,521.10,3.82,-11.34,15.16,459.22,473.70,488.05,424.91,0.98,uptrend,0.00,0.50,false
2026-09-30,AMD,611.76,16685700,66.25,82.83,429.02,670.32,440.50,639.00,-17.17,74,ThreeRisingValleys|AscendingScallop,455.59,HOLD,24.24,575.39,684.49,575.39,623.88,56.78,40.01,16.76,549.67,565.50,510.38,370.57,0.75,uptrend,0.83,0.75,true
2026-09-30,ANET,203.59,4876700,56.54,67.52,185.27,210.99,181.27,212.00,-32.48,74,ThreeRisingValleys|AscendingScallop,399.84,HOLD,7.18,192.81,225.14,192.81,207.18,4.66,2.89,1.77,198.13,199.74,192.21,158.11,1.02,uptrend,0.83,0.83,true
2026-09-30,AOS,56.37,2275700,37.21,1.53,55.65,60.19,56.33,61.11,-98.47,74,DoubleBottom|DescendingScallop,200.00,SELL,1.35,58.39,52.33,58.39,55.70,-1.08,-1.73,0.66,57.92,58.21,60.26,64.48,1.56,downtrend,0.00,0.08,false
2026-09-30,APD,278.23,988300,33.93,9.23,272.10,306.38,276.47,311.80,-90.77,74,DescendingScallop,191.00,HOLD,5.40,270.13,294.43,270.13,280.93,-9.49,-8.66,-0.84,289.24,287.76,296.57,285.37,0.85,downtrend,0.00,0.08,false
2026-09-30,AVGO,351.19,19694200,43.66,49.66,338.69,372.08,335.81,372.70,-50.34,74,DoubleTop|DescendingScallop,104.12,HOLD,10.62,335.26,383.05,335.26,356.50,-5.63,-6.54,0.91,355.38,357.27,375.03,367.50,0.72,downtrend,0.00,0.08,false
2026-09-30,AVY,170.67,822100,47.16,42.94,167.43,174.71,166.85,176.46,-57.06,74,DoubleBottom|DoubleTop|DescendingScallop,107.42,HOLD,3.90,164.82,182.37,164.82,172.62,-1.80,-3.56,1.76,171.07,171.65,173.25,172.89,0.96,downtrend,0.00,0.08,false
2026-09-30,AZO,2830.02,493800,42.03,27.79,2790.84,2986.72,2764.88,2999.30,-72.21,74,DoubleTop|HeadAndShoulders,152.76,HOLD,83.65,2704.55,3080.97,2704.55,2871.84,-51.12,-53.43,2.30,2888.78,2892.25,2969.35,3303.30,1.19,downtrend,0.00,0.08,false
2026-09-30,BBY,88.24,2647800,47.09,9.00,85.91,95.70,82.85,96.53,-91.00,74,DoubleTop,98.02,HOLD,3.08,83.61,97.49,83.61,89.78,2.55,3.17,-0.62,90.81,89.98,87.53,72.81,0.73,uptrend,0.00,0.63,true
2026-09-30,BDX,179.00,1798600,45.69,33.25,176.09,187.93,175.20,191.76,-66.75,74,DoubleBottom|DescendingScallop,113.32,HOLD,3.97,173.05,190.91,173.05,180.98,-1.56,-2.84,1.28,182.01,181.93,179.12,162.30,0.99,uptrend,0.00,0.35,false
2026-09-30,BIIB,225.88,1553300,58.93,72.80,209.90,231.64,208.93,230.49,-27.20,74,ThreeRisingValleys,398.88,BUY,5.54,217.57,242.50,217.57,228.65,2.47,0.71,1.76,220.77,221.71,214.41,194.73,1.50,uptrend,0.83,0.69,true
2026-09-30,BKNG,162.91,8378000,33.42,28.31,148.99,195.57,155.37,203.26,-71.69,74,ThreeDescendingPeaks|DescendingScallop,158.72,HOLD,6.22,153.58,181.57,153.58,166.02,-14.64,-16.67,2.02,172.28,172.24,190.22,183.19,0.93,downtrend,0.00,0.08,false
2026-09-30,BLDR,57.01,2137000,35.08,8.56,55.44,64.64,56.56,66.69,-91.44,74,HeadAndShoulders|DescendingScallop,200.00,SELL,2.50,60.76,49.50,60.76,55.76,-2.97,-3.84,0.87,60.04,60.50,66.43,86.07,0.57,downtrend,0.00,0.08,false
2026-09-30,BSX,43.65,17967400,40.66,30.79,41.72,47.52,42.72,49.66,-69.21,74,DoubleBottom|HeadAndShoulders|DescendingScallop,190.37,HOLD,1.39,41.56,47.83,41.56,44.35,-1.38,-2.13,0.75,44.62,44.85,46.89,62.23,0.84,downtrend,0.00,0.08,false
2026-09-30,CAH,222.50,1944800,38.53,25.52,212.75,249.52,216.70,249.29,-74.48,74,ThreeDescendingPeaks|DescendingScallop,143.91,HOLD,5.06,214.91,237.68,214.91,225.03,-7.79,-3.89,-3.90,231.14,227.79,232.43,217.73,1.05,uptrend,0.00,0.08,false
2026-09-30,CARR,54.86,6443800,37.55,35.61,52.83,59.69,52.96,60.36,-64.39,74,DoubleBottom|DescendingScallop,156.33,HOLD,1.58,52.49,59.60,52.49,55.65,-1.72,-1.75,0.03,56.26,56.38,60.03,61.60,0.91,downtrend,0.00,0.08,false
2026-09-30,CDNS,330.19,2969700,62.61,92.23,262.65,335.35,273.07,335.00,-7.77,74,DoubleBottom|CupWithHandle|InvertedCupWithHandle|ThreeRisingValleys|AscendingScallop,535.52,HOLD,11.22,313.36,363.85,313.36,335.80,-2.70,-13.88,11.18,299.00,310.04,317.90,325.39,1.07,uptrend,0.00,0.35,false
2026-09-30,CDW,128.16,1056500,33.01,1.43,128.71,160.50,127.77,158.05,-98.57,74,ThreeDescendingPeaks|DescendingScallop,191.00,HOLD,5.70,119.61,145.26,119.61,131.01,-3.31,1.30,-4.62,144.60,141.04,142.23,131.73,0.69,downtrend,0.00,0.08,false
2026-09-30,CEG,254.02,4407100,38.59,15.46,241.75,301.51,247.20,305.80,-84.54,74,DescendingScallop,211.36,SELL,9.60,268.42,225.23,268.42,249.22,-12.40,-6.43,-5.97,271.63,266.86,272.16,288.76,1.48,downtrend,0.00,0.27,false
2026-09-30,CF,115.20,2121900,35.31,4.98,110.69,144.84,114.03,141.66,-95.02,74,InvertedCupWithHandle|ThreeDescendingPeaks|DescendingScallop,166.00,HOLD,4.66,108.21,129.18,108.21,117.53,-5.15,-0.44,-4.71,127.77,123.45,124.91,112.13,0.78,uptrend,0.00,0.08,false
2026-09-30,CHD,94.22,2383800,37.95,29.50,92.78,98.70,93.04,100.54,-70.50,74,DoubleBottom|DescendingScallop,158.76,HOLD,1.69,91.69,99.29,91.69,95.06,-1.71,-2.35,0.64,95.74,96.12,98.54,95.91,1.30,downtrend,0.00,0.08,false
2026-09-30,CHRW,147.96,1038300,43.13,22.53,143.77,157.40,144.02,158.07,-77.47,74,DoubleBottom|DoubleTop|ThreeDescendingPeaks,172.33,HOLD,4.09,141.82,160.24,141.82,150.01,0.53,2.47,-1.94,150.59,150.30,153.39,172.32,0.75,downtrend,0.00,0.08,false
2026-09-30,CIEN,351.82,2656100,47.05,57.26,316.78,373.24,311.60,376.74,-42.74,74,DoubleTop|HeadAndShoulders,90.00,HOLD,21.64,319.36,416.74,319.36,362.64,-2.31,-15.97,13.65,345.01,355.57,374.65,389.64,0.92,downtrend,0.00,0.20,false
2026-09-30,CL,85.32,4684400,36.49,4.92,84.68,89.94,85.05,90.99,-95.08,74,DoubleBottom|DescendingScallop,175.00,HOLD,1.55,82.99,89.98,82.99,86.10,-1.59,-1.73,0.13,87.31,87.32,89.89,88.42,0.87,downtrend,0.00,0.08,false
2026-09-30,CLX,81.01,2758600,30.45,1.87,78.36,95.08,80.84,96.59,-98.13,74,ThreeDescendingPeaks|DescendingScallop,200.00,SELL,2.55,84.83,73.36,84.83,79.74,-6.28,-7.48,1.20,86.72,87.10,96.20,101.60,0.88,downtrend,0.00,0.08,false
2026-09-30,CMI,516.57,1092300,30.67,4.61,507.17,565.87,514.37,567.59,-95.39,74,DoubleBottom|ThreeDescendingPeaks|DescendingScallop,200.00,SELL,14.04,537.64,474.44,537.64,509.55,-17.92,-19.72,1.81,536.52,538.71,586.34,603.25,0.95,downtrend,0.00,0.08,false
2026-09-30,COHR,287.81,5339300,47.50,33.13,260.51,323.60,255.25,332.86,-66.87,74,AscendingScallop,137.60,HOLD,20.18,257.54,348.36,257.54,297.90,6.01,4.20,1.81,292.06,294.24,296.41,287.53,0.84,uptrend,0.00,0.08,false
2026-09-30,COO,56.53,4830000,35.18,81.70,46.45,70.19,51.01,71.07,-18.30,74,ThreeRisingValleys|DescendingScallop,167.92,HOLD,1.95,53.60,62.39,53.60,57.51,-6.05,-7.96,1.92,58.32,58.90,67.49,71.62,0.88,downtrend,0.00,0.08,false
2026-09-30,COP,125.15,6490800,41.00,9.31,122.41,141.87,123.46,141.62,-90.69,74,InvertedCupWithHandle|ThreeDescendingPeaks|DescendingScallop,166.00,HOLD,3.25,120.27,134.91,120.27,126.78,-2.66,-0.19,-2.47,132.14,129.61,127.71,116.21,0.95,uptrend,0.00,0.14,false
2026-09-30,COR,300.25,1781200,36.18,15.99,297.24,338.05,295.01,338.71,-84.01,74,ThreeDescendingPeaks|DescendingScallop,210.36,SELL,7.83,312.00,276.75,312.00,296.33,-8.52,-3.99,-4.52,317.65,313.56,317.43,318.57,1.36,downtrend,0.00,0.08,false
2026-09-30,CPRT,27.28,7849700,31.33,10.17,25.94,34.18,26.74,34.44,-89.83,74,ThreeDescendingPeaks|DescendingScallop,216.00,SELL,0.89,28.62,24.61,28.62,26.83,-1.99,-1.49,-0.49,30.06,29.39,30.49,33.61,0.75,downtrend,0.00,0.08,false
2026-09-30,CRH,82.80,8654300,32.23,8.54,81.57,93.62,82.17,94.72,-91.46,74,DescendingScallop,216.00,SELL,2.48,86.52,75.36,86.52,81.56,-3.66,-3.53,-0.13,87.59,87.50,93.51,108.80,1.56,downtrend,0.00,0.08,false
2026-09-30,CRL,295.01,794100,60.78,87.48,267.18,300.56,267.27,298.98,-12.52,74,DoubleTop,259.90,BUY,9.68,280.49,324.05,280.49,299.85,-0.69,-5.04,4.35,283.87,285.45,273.49,209.04,0.83,uptrend,1.00,0.82,true
2026-09-30,CRM,229.57,11228200,47.57,20.38,221.30,265.97,221.18,268.27,-79.62,74,ThreeDescendingPeaks|DescendingScallop,118.85,HOLD,8.97,216.11,256.48,216.11,234.06,-5.22,5.69,-10.90,243.63,235.25,217.03,200.73,0.88,uptrend,0.00,0.44,false
2026-09-30,CRWD,264.75,8778600,66.74,93.49,193.42,279.38,200.60,268.95,-6.51,74,ThreeRisingValleys|AscendingScallop,478.51,BUY,11.89,246.92,300.41,246.92,270.69,21.73,16.09,5.64,236.40,241.69,216.51,152.10,0.79,uptrend,0.83,0.82,true
2026-09-30,CSCO,107.63,17001600,44.66,40.47,105.29,111.95,104.51,112.22,-59.53,74,DoubleTop,121.21,HOLD,2.58,103.75,115.38,103.75,108.92,-1.09,-0.81,-0.28,108.62,108.72,112.18,97.39,0.94,uptrend,0.00,0.30,false
2026-09-30,CSGP,27.40,6693000,35.68,16.57,26.46,32.44,26.52,32.79,-83.43,74,ThreeDescendingPeaks|DescendingScallop,204.57,SELL,1.15,29.12,23.96,29.12,26.83,-1.42,-1.18,-0.23,29.45,29.10,30.28,40.45,1.07,downtrend,0.00,0.08,false
2026-09-30,CSX,46.51,11006500,34.48,18.65,45.72,49.94,45.79,49.68,-81.35,74,ThreeDescendingPeaks|DescendingScallop,141.89,HOLD,0.89,45.17,49.19,45.17,46.96,-1.43,-1.36,-0.07,47.83,47.78,49.61,44.20,1.05,uptrend,0.00,0.27,false
2026-09-30,CTAS,195.06,1626200,43.09,29.34,194.26,203.09,191.09,204.62,-70.66,74,DoubleTop,116.12,HOLD,4.03,189.02,207.15,189.02,197.07,-2.08,-2.00,-0.08,198.68,198.69,202.00,188.02,0.77,uptrend,0.00,0.48,false
2026-09-30,CTSH,57.44,10941200,43.80,20.16,55.04,65.01,55.63,65.42,-79.84,74,InvertedCupWithHandle|ThreeDescendingPeaks|DescendingScallop,191.95,HOLD,2.02,54.40,63.51,54.40,58.45,-1.69,-1.00,-0.69,60.02,59.14,58.22,61.22,1.70,downtrend,0.00,0.23,false
2026-09-30,CTVA,77.65,4034800,36.12,13.23,75.00,89.55,76.50,90.87,-86.77,74,InvertedCupWithHandle|ThreeDescendingPeaks|DescendingScallop,191.00,HOLD,2.25,74.27,84.41,74.27,78.78,-2.90,-1.00,-1.91,82.28,80.67,81.92,78.69,0.85,downtrend,0.00,0.08,false
2026-09-30,DASH,183.55,4251000,37.13,20.45,174.66,220.53,178.04,232.00,-79.55,74,ThreeDescendingPeaks|DescendingScallop,190.40,HOLD,8.07,171.45,207.76,171.45,187.58,-15.06,-14.67,-0.39,197.60,196.22,205.35,187.14,1.00,downtrend,0.00,0.35,false
2026-09-30,DD,129.89,778200,44.07,75.27,125.47,133.73,122.80,134.42,-24.73,74,DoubleTop|HeadAndShoulders|ThreeRisingValleys|DescendingScallop,90.46,HOLD,2.64,125.93,137.81,125.93,131.21,-1.22,-3.47,2.25,129.60,130.99,135.84,137.57,0.68,downtrend,0.00,0.20,false
2026-09-30,DECK,78.14,4108600,35.63,16.21,75.50,84.74,77.20,86.33,-83.79,74,DoubleBottom|HeadAndShoulders|DescendingScallop,199.16,HOLD,2.27,74.74,84.95,74.74,79.27,-3.13,-4.04,0.91,80.12,80.86,88.59,101.51,1.19,downtrend,0.00,0.08,false
2026-09-30,DHI,136.65,3112700,41.28,12.47,135.44,144.31,133.88,146.00,-87.53,74,DoubleBottom|DoubleTop|HeadAndShoulders,163.58,HOLD,3.66,131.15,147.64,131.15,138.48,-1.57,-3.16,1.58,139.87,140.70,144.40,148.73,1.11,downtrend,0.00,0.08,false
2026-09-30,DHR,221.55,5147400,60.47,76.68,196.21,230.43,199.09,228.38,-23.32,74,ThreeRisingValleys|AscendingScallop,435.24,HOLD,5.73,212.96,238.73,212.96,224.41,5.19,0.31,4.88,213.32,216.32,207.71,201.75,1.23,uptrend,0.83,0.55,true
2026-09-30,DOV,187.05,1673000,38.99,34.86,185.05,193.77,184.00,195.31,-65.14,74,DoubleBottom|DoubleTop,154.16,HOLD,4.09,180.92,199.31,180.92,189.09,-2.89,-4.67,1.78,189.41,190.88,198.31,210.16,1.20,downtrend,0.00,0.08,false
2026-09-30,DVN,46.04,9663400,41.88,7.82,45.80,51.02,45.56,51.70,-92.18,74,DescendingScallop,166.00,HOLD,1.40,43.94,50.25,43.94,46.74,-0.32,0.30,-0.62,48.41,47.74,46.83,44.49,0.73,uptrend,0.00,0.08,false
2026-09-30,DXCM,86.29,3440300,47.40,45.77,83.00,90.91,82.29,91.90,-54.23,74,DoubleTop|HeadAndShoulders|DescendingScallop,54.24,HOLD,2.18,83.02,92.84,83.02,87.38,-0.04,-1.29,1.25,86.96,87.18,85.78,72.86,0.83,uptrend,0.00,0.63,true
2026-09-30,EBAY,106.05,3484100,46.63,15.96,102.58,112.29,99.85,113.63,-84.04,74,HeadAndShoulders,153.51,HOLD,3.36,101.01,116.13,101.01,107.73,1.83,1.97,-0.14,107.44,107.39,107.48,100.82,0.67,uptrend,0.00,0.22,false
2026-09-30,ECL,274.58,1509300,46.00,50.22,269.12,282.08,267.83,284.96,-49.78,74,DoubleBottom|DoubleTop,108.84,HOLD,5.09,266.95,289.84,266.95,277.12,-2.99,-4.32,1.33,275.60,276.67,278.60,273.73,1.27,sideways,0.00,0.08,false
2026-09-30,EFX,137.24,1997000,19.50,0.61,135.39,189.22,137.01,192.51,-99.39,74,FallingWedge|ThreeDescendingPeaks|DescendingScallop,216.00,SELL,5.92,146.11,119.49,146.11,134.28,-15.01,-12.97,-2.04,162.30,159.36,174.51,183.33,1.14,downtrend,0.00,0.08,false
2026-09-30,EL,92.77,3475700,43.34,12.18,91.26,103.27,91.64,104.74,-87.82,74,HeadAndShoulders|InvertedCupWithHandle|DescendingScallop,166.00,HOLD,3.23,87.92,102.47,87.92,94.39,-3.14,-2.05,-1.09,97.26,96.15,93.36,92.23,1.16,sideways,0.00,0.63,true
2026-09-30,EMR,155.10,4629700,53.25,67.34,144.38,159.63,144.40,160.29,-32.66,74,DoubleBottom|ThreeRisingValleys|AscendingScallop,486.39,HOLD,3.67,149.60,166.10,149.60,156.93,0.51,-1.80,2.31,152.01,153.78,153.93,144.39,1.95,uptrend,0.67,0.68,true
2026-09-30,EOG,137.76,3582500,38.79,2.44,136.73,152.09,137.35,154.16,-97.56,74,BearishFlag|ThreeDescendingPeaks|DescendingScallop,166.00,HOLD,3.49,132.53,148.22,132.53,139.50,-1.96,-1.10,-0.86,144.41,143.06,144.48,131.67,1.08,uptrend,0.00,0.08,false
2026-09-30,EQIX,1011.58,616300,43.27,30.22,994.48,1060.11,987.79,1066.51,-69.78,74,DoubleBottom|DoubleTop|HeadAndShoulders,98.62,HOLD,26.75,971.45,1091.84,971.45,1024.96,-8.94,-14.98,6.04,1027.30,1029.44,1044.31,984.88,1.18,uptrend,0.00,0.20,false
2026-09-30,EW,86.32,4893900,44.07,42.61,84.11,90.77,83.81,92.36,-57.39,74,DoubleBottom|DescendingScallop,100.09,HOLD,2.10,83.18,92.61,83.18,87.37,-0.76,-1.49,0.73,87.44,87.62,88.44,85.11,1.42,uptrend,0.00,0.08,false
2026-09-30,EXPD,184.64,1159600,44.97,11.40,183.35,194.16,183.36,194.59,-88.60,74,DoubleBottom|DoubleTop,137.04,HOLD,3.86,178.85,196.21,178.85,186.57,-0.38,0.67,-1.05,188.75,187.90,184.35,162.33,1.16,uptrend,0.00,0.55,true
2026-09-30,EXPE,263.36,2410500,35.95,20.84,251.85,306.80,255.07,314.75,-79.16,74,DescendingScallop,138.98,HOLD,12.00,245.36,299.36,245.36,269.36,-15.81,-19.28,3.47,279.33,279.40,297.84,260.23,0.98,uptrend,0.00,0.22,false
2026-09-30,FAST,49.53,10449400,47.79,34.72,48.15,50.97,47.65,51.41,-65.28,74,DoubleBottom|DoubleTop|AscendingScallop,157.18,HOLD,0.97,48.08,52.43,48.08,50.01,0.20,-0.28,0.48,49.56,49.86,49.69,46.15,1.48,uptrend,0.00,0.27,false
2026-09-30,FCX,70.00,16657400,45.05,37.90,68.05,76.04,67.01,78.64,-62.10,74,HeadAndShoulders|DescendingScallop,122.29,HOLD,2.80,65.79,78.41,65.79,71.40,-1.75,-1.60,-0.15,72.05,71.80,70.28,63.38,1.47,uptrend,0.00,0.49,false
2026-09-30,FFIV,445.18,430500,61.00,72.54,378.81,469.05,384.95,462.00,-27.46,74,ThreeRisingValleys|AscendingScallop,417.01,BUY,13.73,424.59,486.36,424.59,452.04,22.74,17.97,4.76,423.93,429.09,409.23,343.21,0.80,uptrend,0.83,0.62,true
2026-09-30,FICO,592.47,2006900,15.74,1.50,668.91,1170.83,586.05,1150.84,-98.50,74,FallingWedge|ThreeDescendingPeaks|DescendingScallop,288.00,SELL,56.49,677.20,423.00,677.20,564.23,-105.15,-88.04,-17.11,919.87,895.14,1050.52,1230.31,2.61,downtrend,0.00,0.08,false
2026-09-30,FIX,1654.09,298700,52.08,65.05,1549.08,1694.07,1521.47,1712.60,-34.95,74,DoubleTop|AscendingScallop,203.62,HOLD,69.34,1550.08,1862.11,1550.08,1688.76,20.06,2.97,17.09,1621.58,1635.22,1661.06,1548.55,0.95,uptrend,0.00,0.46,false
2026-09-30,FLEX,109.99,3264800,45.96,27.77,105.23,116.59,102.25,120.76,-72.23,74,ThreeRisingValleys|AscendingScallop,206.19,HOLD,5.34,101.97,126.02,101.97,112.66,0.50,-0.25,0.74,110.91,112.04,114.61,99.15,0.97,uptrend,0.00,0.44,false
2026-09-30,FSLR,175.16,1921200,35.52,10.05,169.59,221.62,170.80,220.98,-89.95,74,ThreeDescendingPeaks|DescendingScallop,220.00,SELL,9.22,188.99,147.51,188.99,170.55,-9.56,-5.75,-3.81,195.61,192.45,208.88,225.05,0.78,downtrend,0.00,0.08,false
2026-09-30,FTNT,178.76,3112000,62.16,90.03,150.54,185.95,151.80,181.37,-9.97,74,ThreeRisingValleys|AscendingScallop,460.68,BUY,6.57,168.91,198.47,168.91,182.04,7.61,5.52,2.09,168.25,170.74,162.58,117.60,0.76,uptrend,0.83,0.82,true
2026-09-30,GDDY,95.51,1712300,47.57,19.83,91.27,105.72,91.60,110.35,-80.17,74,DoubleBottom,135.25,HOLD,4.98,88.04,110.46,88.04,98.00,-0.26,0.38,-0.64,98.49,97.53,96.32,93.69,0.63,sideways,0.00,0.23,false
2026-09-30,GEHC,65.37,2689800,41.01,57.86,62.08,69.76,62.99,71.88,-42.14,74,DoubleBottom|DescendingScallop,154.53,HOLD,1.49,63.14,69.83,63.14,66.11,-1.96,-3.40,1.45,65.92,66.58,68.62,71.48,0.74,downtrend,0.00,0.08,false
2026-09-30,GEV,950.49,1752400,50.00,78.20,891.12,986.97,868.25,983.34,-21.80,74,DoubleTop|AscendingScallop,218.99,HOLD,34.32,899.01,1053.45,899.01,967.65,5.89,-6.34,12.22,939.05,946.91,965.84,914.39,0.83,uptrend,0.00,0.32,false
2026-09-30,GILD,149.05,5357200,53.38,54.26,143.93,154.25,142.94,154.20,-45.74,74,DoubleTop|HeadAndShoulders,40.00,HOLD,3.50,143.81,159.54,143.81,150.80,1.40,0.87,0.53,149.09,148.84,142.57,136.44,0.91,uptrend,0.00,0.22,false
2026-09-30,GLW,153.76,6316700,49.25,43.11,138.74,169.84,139.25,171.30,-56.89,74,InvertedCupWithHandle|ThreeRisingValleys|AscendingScallop,163.65,HOLD,8.17,141.51,178.26,141.51,157.84,-0.33,0.89,-1.22,154.29,154.33,152.66,149.77,0.75,uptrend,0.00,0.08,false
2026-09-30,GNRC,206.95,818900,54.90,57.47,169.02,218.92,173.25,231.89,-42.53,74,AscendingScallop,222.30,HOLD,10.07,191.85,237.16,191.85,211.98,6.81,-1.10,7.91,193.97,199.78,200.79,212.06,0.57,downtrend,0.00,0.26,false
2026-09-30,GOOGL,344.08,37196700,50.12,31.06,330.66,354.37,327.74,364.17,-68.94,74,HeadAndShoulders|AscendingScallop,144.93,HOLD,8.46,331.40,369.45,331.40,348.31,2.89,1.24,1.64,342.51,343.67,343.93,338.60,1.39,uptrend,0.00,0.54,false
2026-09-30,GPC,125.74,830500,36.65,1.57,124.04,138.78,125.57,138.81,-98.43,74,ThreeDescendingPeaks|DescendingScallop,166.00,HOLD,3.04,121.17,134.87,121.17,127.26,-3.96,-2.64,-1.31,131.41,130.22,131.76,119.97,0.89,uptrend,0.00,0.35,false
2026-09-30,GRMN,286.84,837000,52.77,60.59,267.07,296.08,268.01,297.19,-39.41,74,DoubleBottom|AscendingScallop,346.81,HOLD,7.22,276.02,308.49,276.02,290.45,2.41,-2.92,5.33,281.58,285.41,286.23,245.58,1.00,uptrend,0.00,0.50,false
2026-09-30,GWW,1245.76,273200,38.72,15.68,1233.95,1312.64,1236.29,1330.62,-84.32,74,DoubleBottom|DescendingScallop,165.89,HOLD,24.55,1208.94,1319.40,1208.94,1258.03,-20.43,-19.63,-0.80,1273.30,1272.29,1305.72,1204.00,1.00,uptrend,0.00,0.27,false
2026-09-30,HAL,31.80,13872800,32.59,10.25,30.67,38.45,31.26,38.06,-89.75,74,ThreeDescendingPeaks|DescendingScallop,216.00,SELL,0.93,33.20,29.01,33.20,31.33,-1.60,-0.70,-0.90,34.56,33.71,34.02,35.40,1.30,downtrend,0.00,0.08,false
2026-09-30,HD,284.49,5766600,26.24,1.67,282.69,323.77,284.01,322.17,-98.33,74,DescendingScallop,200.00,SELL,6.64,294.45,264.57,294.45,281.17,-12.91,-13.28,0.37,303.23,302.88,324.40,339.81,1.19,downtrend,0.00,0.08,false
2026-09-30,HSY,157.61,2041300,22.08,0.83,160.26,179.06,157.44,179.26,-99.17,74,DescendingScallop|MeasuredMoveDown,200.00,SELL,3.55,162.93,146.97,162.93,155.84,-5.51,-5.75,0.24,169.66,169.13,176.72,191.20,1.38,downtrend,0.00,0.08,false
2026-09-29,HUBB,459.09,491659,47.88,63.81,436.17,473.25,435.71,472.35,-36.19,74,DoubleBottom|DoubleTop,142.04,HOLD,12.53,440.29,496.69,440.29,465.36,-2.99,-7.88,4.89,454.71,459.89,473.47,487.59,1.01,downtrend,0.00,0.28,false
2026-09-30,IBM,219.93,4559300,37.07,4.00,216.98,249.24,218.60,251.82,-96.00,74,ThreeDescendingPeaks|DescendingScallop,216.00,SELL,6.49,229.66,200.47,229.66,216.69,-3.10,0.76,-3.86,233.11,230.36,231.15,256.35,0.82,downtrend,0.00,0.08,false
2026-09-30,IDXX,522.19,502200,46.54,59.56,499.29,538.56,500.61,558.42,-40.44,74,DoubleBottom|DescendingScallop,111.54,HOLD,13.52,501.91,562.75,501.91,528.95,-8.08,-16.12,8.04,518.92,524.80,544.76,589.79,0.98,downtrend,0.00,0.20,false
2026-09-30,IEX,227.98,723200,51.11,62.79,219.04,231.56,219.44,233.04,-37.21,74,DoubleBottom,273.72,HOLD,4.50,221.23,241.47,221.23,230.23,-0.09,-2.88,2.80,225.30,227.33,229.47,210.37,1.21,uptrend,0.50,0.68,true
2026-09-30,INCY,121.35,1619900,43.50,15.77,120.48,128.95,119.97,130.00,-84.23,74,DoubleBottom|DoubleTop|HeadAndShoulders|MeasuredMoveDown,139.35,HOLD,3.34,116.34,131.37,116.34,123.02,-0.65,-0.99,0.34,124.71,124.26,123.63,106.66,1.04,uptrend,0.00,0.49,false
2026-09-30,IR,75.11,6666200,47.08,63.15,70.72,77.55,70.94,77.54,-36.85,74,DoubleBottom|DoubleTop,141.02,HOLD,2.02,72.08,81.17,72.08,76.12,-0.93,-2.39,1.46,74.13,75.31,79.53,81.62,1.37,downtrend,0.00,0.28,false
2026-09-30,ISRG,406.63,1658500,62.32,81.34,346.17,423.43,345.25,416.51,-18.66,74,CupWithHandle|ThreeRisingValleys|AscendingScallop,475.64,HOLD,10.94,390.22,439.46,390.22,412.10,16.36,6.08,10.28,384.80,392.19,377.63,448.76,0.68,downtrend,0.00,0.20,false
2026-09-30,IT,186.54,777200,52.59,49.05,168.97,199.51,166.01,202.98,-50.95,74,ThreeDescendingPeaks,98.43,HOLD,8.05,174.47,210.68,174.47,190.56,-1.24,-3.47,2.24,184.24,184.76,180.01,173.60,0.73,uptrend,0.00,0.56,true
2026-09-30,ITW,257.28,2766300,30.87,0.26,261.28,276.19,257.23,276.39,-99.74,74,DoubleBottom|DoubleTop,175.00,HOLD,5.28,249.36,273.12,249.36,259.92,-2.05,-4.72,2.67,268.74,270.48,279.30,268.66,1.98,downtrend,0.00,0.14,false
2026-09-30,JBHT,224.05,1068900,29.36,0.48,209.89,288.03,223.80,276.54,-99.52,74,ThreeDescendingPeaks|DescendingScallop,191.00,HOLD,7.86,212.26,247.63,212.26,227.98,-16.72,-9.27,-7.45,248.96,243.55,263.12,243.10,0.85,downtrend,0.00,0.14,false
2026-09-30,JBL,286.86,4924200,36.88,5.23,288.65,323.50,284.39,331.58,-94.77,74,,247.00,SELL,14.44,308.51,243.55,308.51,279.64,-0.93,-3.76,2.83,306.07,308.48,317.58,300.85,3.53,downtrend,0.00,0.08,false
2026-09-30,JCI,148.65,3170900,57.18,81.81,137.23,151.51,135.79,151.51,-18.19,74,ThreeRisingValleys|AscendingScallop,437.00,HOLD,3.46,143.46,159.04,143.46,150.38,1.69,0.34,1.35,144.37,145.54,145.54,137.25,0.96,uptrend,0.83,0.60,true
2026-09-30,JNJ,264.74,6341000,43.54,27.90,262.75,276.45,260.68,281.07,-72.10,74,DoubleBottom|DescendingScallop,148.50,HOLD,5.12,257.06,280.10,257.06,267.30,-0.40,-0.69,0.29,269.60,268.65,266.01,241.26,1.00,uptrend,0.00,0.08,false
2026-09-30,KLAC,194.93,6852100,59.19,91.58,163.47,199.20,165.89,197.60,-8.42,74,DoubleBottom|CupWithHandle,470.61,HOLD,7.62,183.50,217.80,183.50,198.74,2.34,-1.56,3.90,181.34,185.12,187.74,176.98,0.73,uptrend,0.00,0.35,false
2026-09-30,KMB,97.43,4139700,34.88,16.90,93.03,106.73,96.72,110.00,-83.10,74,DoubleBottom|DescendingScallop,175.00,HOLD,2.11,94.26,103.77,94.26,98.49,-3.89,-4.88,1.00,99.88,100.24,105.76,102.70,0.88,downtrend,0.00,0.08,false
2026-09-30,KVUE,17.66,25306700,37.34,23.94,17.14,18.86,17.49,19.18,-76.06,74,DoubleBottom|DescendingScallop,174.92,HOLD,0.33,17.17,18.64,17.17,17.82,-0.46,-0.57,0.11,18.00,18.03,18.71,18.03,0.95,downtrend,0.00,0.08,false
2026-09-30,LH,308.11,646200,40.66,20.06,300.30,334.03,303.13,335.87,-79.94,74,DoubleBottom|DescendingScallop,135.24,HOLD,7.37,297.05,330.23,297.05,311.80,-6.64,-7.32,0.68,317.17,315.45,318.54,279.92,0.78,uptrend,0.00,0.35,false
2026-09-30,LII,355.02,541000,31.86,16.99,350.71,388.30,350.22,396.21,-83.01,74,DoubleBottom|DescendingScallop,198.76,HOLD,10.74,338.91,387.25,338.91,360.39,-9.21,-12.90,3.69,369.50,373.08,409.16,487.96,1.08,downtrend,0.00,0.08,false
2026-09-30,LIN,474.65,2640100,51.54,77.59,453.26,483.60,454.19,491.98,-22.41,74,DoubleBottom|DescendingScallop,184.98,HOLD,7.50,463.41,497.14,463.41,478.40,-6.80,-9.83,3.04,468.43,471.10,481.87,485.65,1.29,downtrend,0.00,0.28,false
2026-09-30,LITE,971.26,3996400,57.05,78.47,831.11,1011.02,818.89,1026.76,-21.53,74,DoubleTop|AscendingScallop,260.01,BUY,63.69,875.72,1162.34,875.72,1003.11,11.24,11.38,-0.14,921.06,924.28,869.67,738.07,0.87,uptrend,0.83,0.62,true
2026-09-30,LLY,1157.08,3407700,47.00,43.05,1110.07,1195.06,1113.29,1215.00,-56.95,74,DoubleBottom|ThreeRisingValleys,270.12,HOLD,33.23,1107.23,1256.78,1107.23,1173.70,3.80,-20.90,24.69,1152.56,1165.54,1177.91,1072.80,1.49,uptrend,0.17,0.55,true
2026-09-30,LOW,184.29,3694400,28.54,0.45,183.84,204.96,184.22,205.48,-99.55,74,DescendingScallop,200.00,SELL,4.39,190.87,171.13,190.87,182.10,-6.50,-7.40,0.90,194.40,194.40,205.92,232.27,1.13,downtrend,0.00,0.08,false
2026-09-30,LRCX,328.51,7685900,61.29,96.94,263.88,336.31,265.37,330.50,-3.06,74,DoubleBottom|CupWithHandle,483.39,BUY,14.01,307.50,370.53,307.50,335.51,-0.99,-7.54,6.55,300.09,306.12,305.08,273.25,0.82,uptrend,0.83,0.64,true
2026-09-30,LULU,96.19,4132800,36.00,9.45,88.43,115.29,95.35,122.60,-90.55,74,DoubleBottom|HeadAndShoulders|DescendingScallop,200.00,SELL,4.21,102.50,83.56,102.50,94.09,-5.97,-8.38,2.41,101.86,102.91,112.61,146.06,0.53,downtrend,0.00,0.08,false
2026-09-30,MAA,117.74,1328000,25.86,11.07,114.07,130.74,116.67,130.02,-88.93,74,ThreeDescendingPeaks|DescendingScallop,216.00,SELL,2.08,120.85,111.51,120.85,116.70,-4.80,-4.21,-0.58,122.41,121.86,128.44,131.22,1.11,downtrend,0.00,0.08,false
2026-09-30,MAS,67.40,1700900,39.96,11.21,66.17,71.89,67.03,73.27,-88.79,74,DoubleBottom|HeadAndShoulders|DescendingScallop,175.00,HOLD,1.79,64.72,72.76,64.72,68.29,-1.53,-1.92,0.39,69.03,69.25,72.56,70.08,0.70,downtrend,0.00,0.20,false
2026-09-30,MCHP,77.77,5726400,55.94,77.62,68.98,79.31,68.75,80.37,-22.38,74,DoubleBottom|CupWithHandle|ThreeRisingValleys|AscendingScallop,526.78,HOLD,2.72,73.69,85.93,73.69,79.13,0.94,-0.46,1.41,74.14,75.39,75.93,78.76,0.70,downtrend,0.00,0.27,false
2026-09-30,MCK,853.81,691200,41.87,10.08,847.50,924.35,847.29,929.95,-89.92,74,DescendingScallop,166.00,HOLD,20.91,822.45,916.53,822.45,864.26,-12.47,-1.42,-11.05,885.92,876.73,874.83,846.60,0.80,uptrend,0.00,0.08,false
2026-09-30,MDLZ,57.82,10966300,28.67,0.17,58.84,63.66,57.81,63.83,-99.83,74,DescendingScallop,201.67,SELL,1.22,59.65,54.17,59.65,57.21,-0.81,-0.64,-0.17,61.25,60.94,62.02,59.56,1.34,downtrend,0.00,0.08,false
2026-09-30,MDT,86.29,26614100,34.94,1.06,86.78,95.54,86.20,94.74,-98.94,74,DoubleTop|ThreeDescendingPeaks|DescendingScallop,263.00,SELL,2.08,89.40,80.06,89.40,85.25,-0.91,-0.18,-0.72,91.16,90.11,89.74,88.78,2.32,downtrend,0.00,0.08,false
2026-09-30,MKC,46.40,5652200,26.74,2.27,46.36,53.59,46.25,54.79,-97.73,74,ThreeDescendingPeaks|DescendingScallop,200.00,SELL,1.33,48.39,42.42,48.39,45.74,-2.32,-2.35,0.03,49.97,49.75,51.95,55.74,1.68,downtrend,0.00,0.08,false
2026-09-30,MLM,479.81,782000,36.14,19.63,475.20,520.92,471.88,524.98,-80.37,74,DescendingScallop,186.02,HOLD,13.77,459.15,521.13,459.15,486.70,-13.16,-13.31,0.15,498.06,497.99,524.49,590.97,0.86,downtrend,0.00,0.08,false
2026-09-30,MMM,164.15,3936100,40.51,36.23,161.38,171.53,160.27,171.26,-63.77,74,DoubleBottom|DoubleTop,89.98,HOLD,3.55,158.83,174.79,158.83,165.92,-1.80,-4.65,2.85,166.45,168.18,173.68,160.68,1.31,uptrend,0.00,0.40,false
2026-09-30,MNST,41.62,11654600,30.85,14.14,41.60,45.46,41.05,45.37,-85.86,74,DoubleTop|HeadAndShoulders,165.95,HOLD,1.02,40.09,44.68,40.09,42.13,-0.83,-1.26,0.43,43.53,43.70,45.67,42.34,1.13,downtrend,0.00,0.08,false
2026-09-30,MPWR,1347.22,465200,57.46,84.13,1092.14,1417.01,1133.83,1387.46,-15.87,74,DoubleBottom|ThreeRisingValleys|AscendingScallop,509.54,HOLD,52.68,1268.20,1505.27,1268.20,1373.56,27.36,-19.49,46.85,1254.58,1293.51,1304.43,1278.79,0.65,uptrend,0.00,0.35,false
2026-09-30,MRK,145.31,10223500,48.13,26.58,142.77,152.73,142.32,153.57,-73.42,74,DoubleTop|HeadAndShoulders,79.82,HOLD,3.63,139.87,156.20,139.87,147.12,-0.86,-1.19,0.33,147.75,147.14,141.69,122.42,1.05,uptrend,0.00,0.49,false
2026-09-30,MRVL,264.21,11903700,61.91,93.93,202.39,277.46,201.10,267.48,-6.07,74,ThreeRisingValleys|AscendingScallop,470.13,BUY,13.12,244.53,303.57,244.53,270.77,14.36,6.96,7.40,239.92,245.58,224.33,165.05,0.67,uptrend,0.83,0.82,true
2026-09-30,MSFT,512.90,27197800,60.30,78.74,485.87,515.13,486.00,519.83,-21.26,74,DoubleBottom|DoubleTop|AscendingScallop,367.81,BUY,11.81,495.18,548.33,495.18,518.81,1.06,1.21,-0.15,500.50,500.72,482.56,432.45,1.27,uptrend,0.83,0.84,true
2026-09-30,MTD,1510.95,152500,65.12,84.35,1223.73,1585.74,1266.55,1554.83,-15.65,74,ThreeRisingValleys|AscendingScallop,455.29,HOLD,41.64,1448.49,1635.88,1448.49,1531.77,59.30,4.99,54.32,1404.73,1442.72,1401.48,1317.80,0.72,uptrend,0.83,0.61,true
2026-09-30,MU,1065.11,30538500,59.66,78.84,901.58,1122.62,902.60,1108.72,-21.16,74,ThreeRisingValleys|AscendingScallop,439.96,HOLD,45.08,997.48,1200.36,997.48,1087.65,38.72,25.80,12.93,1012.10,1020.25,951.59,673.15,1.22,uptrend,0.83,0.83,true
2026-09-30,NDSN,327.85,397900,61.78,81.12,303.33,331.49,306.03,332.93,-18.88,74,DoubleBottom|ThreeRisingValleys|AscendingScallop,543.62,HOLD,6.15,318.62,346.30,318.62,330.93,0.03,-4.06,4.09,317.41,320.13,313.85,286.21,1.11,uptrend,1.00,0.83,true
2026-09-30,NEM,115.34,5840900,40.54,4.85,115.72,131.72,114.63,130.71,-95.15,74,DescendingScallop,166.00,HOLD,4.09,109.20,127.61,109.20,117.39,-3.43,-2.03,-1.40,123.72,121.67,117.04,111.34,0.85,uptrend,0.00,0.35,false
2026-09-30,NKE,35.40,37970000,35.36,10.67,34.66,38.63,35.16,38.93,-89.33,74,DoubleBottom|DescendingScallop,200.00,SELL,0.97,36.86,32.48,36.86,34.91,-1.20,-1.43,0.23,36.64,36.76,39.23,49.05,1.12,downtrend,0.00,0.08,false
2026-09-30,NOW,134.01,9002800,50.28,34.87,128.27,145.22,126.75,147.57,-65.13,74,,82.04,HOLD,5.98,125.05,151.94,125.05,137.00,-0.33,1.50,-1.83,136.74,134.98,127.49,116.03,0.72,uptrend,0.00,0.44,false
2026-09-30,NSC,309.00,850300,30.00,3.13,305.67,331.52,308.44,333.89,-96.87,74,DescendingScallop,175.00,HOLD,5.23,301.16,324.68,301.16,311.61,-10.79,-12.32,1.53,318.59,319.15,332.29,311.26,0.81,downtrend,0.00,0.20,false
2026-09-30,NTAP,210.08,3193300,66.83,78.55,177.83,210.41,161.00,216.81,-21.45,74,ThreeRisingValleys|AscendingScallop,482.97,BUY,7.79,198.39,233.46,198.39,213.98,6.12,2.41,3.71,194.12,196.98,190.13,137.70,1.21,uptrend,0.83,0.83,true
2026-09-30,NUE,233.75,1494900,34.33,0.44,234.56,270.35,233.60,268.47,-99.56,74,DoubleTop,170.00,HOLD,7.68,222.23,256.80,222.23,237.59,-3.93,-0.01,-3.91,252.45,248.85,255.82,213.91,1.20,uptrend,0.00,0.63,true
2026-09-30,NVDA,228.38,121269300,57.72,80.11,211.84,234.53,208.93,234.76,-19.89,74,DoubleTop|ThreeRisingValleys,320.32,HOLD,5.96,219.45,246.25,219.45,231.36,1.70,0.97,0.72,223.19,223.22,217.40,200.15,1.07,uptrend,1.00,0.58,true
2026-09-30,NXPI,237.53,2685800,54.62,90.07,218.71,241.40,216.66,239.83,-9.93,74,DoubleBottom|DoubleTop|ThreeRisingValleys|AscendingScallop,401.39,HOLD,7.29,226.59,259.41,226.59,241.18,3.43,2.04,1.39,230.05,232.17,234.11,245.59,0.75,downtrend,0.00,0.27,false
2026-09-30,ODFL,173.84,2276900,33.26,30.58,169.78,188.29,169.65,190.70,-69.42,74,DoubleBottom|DescendingScallop,171.94,HOLD,5.27,165.94,189.64,165.94,176.47,-7.38,-9.75,2.37,179.03,180.95,198.68,199.59,1.16,downtrend,0.00,0.08,false
2026-09-30,ON,76.87,6864500,54.12,93.18,67.30,78.38,65.80,77.68,-6.82,74,DoubleBottom|DoubleTop,246.57,HOLD,3.33,71.88,86.86,71.88,78.53,0.08,-1.04,1.12,72.84,74.14,77.00,80.18,0.60,downtrend,0.00,0.35,false
2026-09-30,ORCL,137.30,22263000,42.67,16.62,130.70,163.21,131.58,170.70,-83.38,74,InvertedCupWithHandle|ThreeDescendingPeaks|DescendingScallop,202.91,SELL,7.03,147.84,116.22,147.84,133.79,-4.79,-0.80,-3.99,146.95,143.67,142.90,163.36,0.63,downtrend,0.00,0.08,false
2026-09-30,ORLY,85.41,4132100,44.81,55.72,83.49,88.13,82.83,88.34,-44.28,74,DoubleBottom|DoubleTop,120.40,HOLD,1.83,82.67,90.89,82.67,86.32,-1.22,-1.72,0.49,85.81,86.23,88.43,91.05,0.65,downtrend,0.00,0.08,false
2026-09-30,OTIS,64.32,5597200,31.39,0.73,64.54,72.15,64.27,71.67,-99.27,74,ThreeDescendingPeaks|DescendingScallop,216.00,SELL,1.53,66.61,59.73,66.61,63.56,-1.82,-1.49,-0.34,68.35,67.98,70.66,78.32,1.19,downtrend,0.00,0.08,false
2026-09-30,PANW,397.31,6084900,60.92,90.49,316.36,411.67,321.39,404.69,-9.51,74,ThreeRisingValleys|AscendingScallop,464.69,HOLD,18.02,370.28,451.37,370.28,406.32,17.18,6.29,10.89,364.02,373.50,359.09,248.23,0.90,uptrend,0.83,0.82,true
2026-09-30,PEP,126.72,9807500,25.82,2.42,124.82,141.93,126.42,141.71,-97.58,74,BearishFlag|ThreeDescendingPeaks|DescendingScallop,216.00,SELL,2.35,130.25,119.66,130.25,125.54,-4.70,-3.96,-0.75,133.38,132.44,137.37,147.51,1.05,downtrend,0.00,0.08,false
2026-09-30,PG,145.28,8578400,46.93,29.17,143.26,149.48,141.86,149.48,-70.83,74,DoubleTop,123.70,HOLD,2.48,141.55,152.73,141.55,146.52,0.98,0.70,0.29,146.37,146.46,145.88,147.64,1.07,downtrend,0.00,0.08,false
2026-09-30,PHM,116.06,2012100,38.92,1.49,114.80,124.19,114.78,126.95,-98.51,74,DoubleBottom|HeadAndShoulders|DescendingScallop,173.53,HOLD,3.04,111.50,125.18,111.50,117.58,-2.63,-3.92,1.29,119.49,120.18,125.38,124.78,1.22,downtrend,0.00,0.08,false
2026-09-30,PKG,229.26,582300,39.28,3.05,227.71,240.85,225.33,242.63,-96.95,74,DoubleBottom|DoubleTop|HeadAndShoulders,113.97,HOLD,5.17,221.50,244.78,221.50,231.85,-0.54,-3.75,3.21,234.28,236.01,243.03,226.23,0.94,uptrend,0.00,0.08,false
2026-09-30,PLD,129.84,6121200,29.04,2.21,130.90,138.98,129.69,138.98,-97.79,74,DoubleTop|HeadAndShoulders|DescendingScallop,175.00,HOLD,2.23,126.50,136.52,126.50,130.95,-2.50,-2.73,0.23,134.94,134.99,139.34,137.94,1.75,downtrend,0.00,0.14,false
2026-09-30,PNR,52.99,2334900,25.01,6.80,51.72,60.59,52.64,61.35,-93.20,74,DescendingScallop,200.00,SELL,1.50,55.24,48.50,55.24,52.24,-2.64,-3.00,0.35,56.15,56.23,61.40,81.56,0.90,downtrend,0.00,0.08,false
2026-09-30,PODD,130.47,1416000,32.85,2.77,128.34,149.42,130.10,151.50,-97.23,74,DoubleBottom|DescendingScallop,200.00,SELL,4.73,137.57,116.27,137.57,128.10,-3.14,-3.62,0.48,138.88,138.35,146.33,195.00,0.93,downtrend,0.00,0.08,false
2026-09-30,PPG,104.33,1918200,37.36,14.69,102.21,111.61,103.70,113.55,-85.31,74,DoubleBottom|HeadAndShoulders|DescendingScallop,200.00,SELL,2.39,107.92,97.15,107.92,103.13,-2.39,-3.19,0.80,106.91,107.36,111.54,111.96,1.09,downtrend,0.00,0.08,false
2026-09-30,PTC,140.30,1046100,51.34,84.06,125.90,148.25,126.79,155.72,-15.94,74,HeadAndShoulders|ThreeRisingValleys|DescendingScallop,118.58,HOLD,4.76,133.17,154.57,133.17,142.68,-4.20,-7.81,3.61,137.08,138.99,140.98,145.41,0.61,downtrend,0.00,0.20,false
2026-09-30,PWR,642.51,917400,51.59,66.91,606.32,658.68,597.88,659.85,-33.09,74,DoubleBottom|DoubleTop|AscendingScallop,316.16,HOLD,21.25,610.63,706.27,610.63,653.14,9.00,1.45,7.55,632.50,637.74,642.19,603.33,1.12,uptrend,0.00,0.54,false
2026-09-30,QCOM,184.04,7401000,51.74,38.29,164.41,203.33,164.88,205.85,-61.71,74,ThreeRisingValleys|AscendingScallop,258.72,HOLD,8.76,170.90,210.32,170.90,188.42,10.53,10.56,-0.04,183.87,184.22,171.04,169.21,0.50,uptrend,0.00,0.44,false
2026-09-30,RDDT,142.44,4885300,40.11,4.50,142.09,163.97,141.32,166.18,-95.50,74,DoubleBottom|ThreeDescendingPeaks|DescendingScallop,240.00,SELL,7.67,153.94,119.43,153.94,138.61,-1.26,0.23,-1.49,153.03,151.85,157.16,169.28,0.99,downtrend,0.00,0.08,false
2026-09-30,REGN,758.27,872400,40.46,22.93,742.00,846.17,741.83,859.34,-77.07,74,HeadAndShoulders|DescendingScallop,154.69,HOLD,20.05,728.20,818.41,728.20,768.29,-17.26,-15.22,-2.04,794.08,785.36,781.53,736.16,1.19,uptrend,0.00,0.22,false
2026-09-30,RL,355.07,533400,52.68,80.01,327.49,359.92,330.93,361.10,-19.99,74,DoubleBottom|DoubleTop,222.26,HOLD,10.09,339.94,385.33,339.94,360.11,-0.69,-8.21,7.52,343.71,349.62,363.67,365.32,0.76,downtrend,0.00,0.27,false
2026-09-30,RMD,221.10,1262100,44.95,27.94,216.63,231.29,215.80,237.21,-72.06,74,DoubleBottom|ThreeDescendingPeaks|DescendingScallop,158.19,HOLD,5.41,212.98,237.33,212.98,223.81,-2.81,-3.83,1.03,223.96,223.89,222.16,226.03,1.00,downtrend,0.00,0.08,false
2026-09-30,ROK,435.33,820500,54.65,86.01,411.60,440.30,406.92,439.95,-13.99,74,DoubleBottom|DoubleTop,295.69,HOLD,9.89,420.49,465.01,420.49,440.28,-0.74,-3.58,2.84,425.95,428.95,438.24,423.36,1.20,uptrend,0.83,0.68,true
2026-09-30,ROL,30.12,11351100,23.76,7.24,29.25,37.10,29.70,36.44,-92.76,74,ThreeDescendingPeaks|DescendingScallop,216.00,SELL,0.95,31.55,27.26,31.55,29.64,-2.05,-1.52,-0.53,33.17,32.80,35.72,49.94,1.47,downtrend,0.00,0.08,false
2026-09-30,ROP,349.41,765000,25.61,3.51,337.73,420.42,347.45,429.60,-96.49,74,ThreeDescendingPeaks|DescendingScallop,191.00,HOLD,9.49,335.17,377.88,335.17,354.16,-23.60,-18.34,-5.26,379.07,373.66,390.36,370.02,0.88,downtrend,0.00,0.08,false
2026-09-30,ROST,233.40,1746400,50.61,63.99,223.55,237.98,222.15,239.73,-36.01,74,DoubleBottom|ThreeRisingValleys,332.10,HOLD,4.87,226.09,248.02,226.09,235.84,0.66,-1.69,2.35,230.77,232.78,237.93,217.39,0.90,uptrend,0.00,0.34,false
2026-09-30,RSG,209.87,1137200,33.39,2.02,208.24,228.20,209.51,227.32,-97.98,74,ThreeDescendingPeaks|DescendingScallop,191.00,HOLD,3.34,204.86,219.89,204.86,211.54,-3.94,-1.43,-2.52,218.22,216.09,217.14,215.23,0.71,downtrend,0.00,0.14,false
2026-09-30,RVTY,152.89,4432400,74.91,85.30,117.92,160.08,120.90,158.28,-14.70,74,ThreeRisingValleys|AscendingScallop,515.91,BUY,4.75,145.77,167.13,145.77,155.26,10.62,7.01,3.61,139.00,141.05,126.28,105.75,1.96,uptrend,0.83,0.83,true
2026-09-30,SHW,323.27,1403300,43.53,40.12,315.86,334.91,314.38,336.54,-59.88,74,DoubleBottom|DoubleTop,106.80,HOLD,7.99,311.28,347.24,311.28,327.27,-4.57,-8.94,4.37,325.38,328.40,338.81,333.33,0.82,downtrend,0.00,0.08,false
2026-09-30,SLB,48.72,13232200,31.66,0.37,47.96,59.15,48.69,59.36,-99.63,74,ThreeDescendingPeaks|DescendingScallop,191.00,HOLD,1.71,46.15,53.85,46.15,49.58,-2.60,-1.29,-1.30,53.55,52.42,52.87,50.39,0.96,downtrend,0.00,0.08,false
2026-09-30,SMCI,41.07,31810400,56.53,67.98,35.54,43.72,35.36,43.76,-32.02,74,ThreeRisingValleys|AscendingScallop,374.94,HOLD,2.29,37.64,47.94,37.64,42.21,1.24,0.94,0.30,39.63,39.76,36.04,31.89,0.83,uptrend,0.83,0.75,true
2026-09-30,SNDK,1739.89,6003500,54.78,58.15,1485.36,1901.62,1504.20,1909.48,-41.85,74,ThreeRisingValleys|AscendingScallop,328.77,HOLD,102.96,1585.45,2048.77,1585.45,1791.37,69.21,61.92,7.29,1693.49,1690.71,1533.71,1130.35,0.64,uptrend,0.67,0.75,true
2026-09-30,SNPS,434.94,4489200,61.77,86.83,366.53,437.68,362.55,445.92,-13.17,74,CupWithHandle|InvertedCupWithHandle|ThreeRisingValleys|AscendingScallop,487.65,HOLD,15.93,411.04,482.74,411.04,442.91,-4.01,-10.12,6.12,402.11,409.18,403.02,444.54,2.24,downtrend,0.00,0.28,false
2026-09-30,STE,210.01,560800,37.99,50.11,199.70,226.35,203.32,236.09,-49.89,74,DescendingScallop,170.49,HOLD,4.32,203.53,222.98,203.53,212.17,-8.77,-10.80,2.03,213.03,213.82,224.05,228.62,0.86,downtrend,0.00,0.08,false
2026-09-30,STLD,221.61,1221200,35.93,4.32,222.81,249.91,220.46,251.88,-95.68,74,DoubleTop|DescendingScallop,176.67,HOLD,7.69,210.08,244.68,210.08,225.45,-2.57,0.05,-2.62,236.36,234.09,243.30,216.28,1.18,uptrend,0.00,0.35,false
2026-09-30,STX,922.34,3080400,58.84,88.13,759.63,966.65,758.35,944.43,-11.87,74,ThreeRisingValleys|AscendingScallop,448.27,HOLD,47.90,850.49,1066.04,850.49,946.29,20.62,5.22,15.40,863.14,877.74,855.25,644.60,0.82,uptrend,0.83,0.75,true
2026-09-30,SWKS,85.48,6069700,55.78,46.80,70.97,97.51,66.39,92.80,-53.20,74,DoubleTop|HeadAndShoulders|AscendingScallop,98.76,HOLD,4.51,78.72,99.00,78.72,87.73,8.49,8.94,-0.44,84.24,83.87,73.34,65.61,0.82,uptrend,0.00,0.75,true
2026-09-30,SYK,275.39,2865000,36.85,35.69,257.03,304.80,267.00,321.75,-64.31,74,DoubleBottom|ThreeDescendingPeaks|DescendingScallop,184.91,HOLD,8.06,263.30,299.56,263.30,279.42,-14.94,-21.52,6.58,280.92,284.60,312.81,331.01,0.90,downtrend,0.00,0.08,false
2026-09-30,TECH,72.47,2981200,58.40,61.40,72.11,72.66,72.08,72.69,-38.60,74,DoubleBottom|DoubleTop|HeadAndShoulders,143.11,HOLD,0.21,72.16,73.10,72.16,72.57,0.09,0.02,0.06,72.39,72.39,72.25,61.90,0.97,uptrend,0.00,0.82,true
2026-09-30,TEL,211.08,1677500,52.24,55.47,198.96,218.45,199.82,219.63,-44.53,74,DoubleBottom,202.96,HOLD,5.64,202.62,228.00,202.62,213.90,2.68,1.55,1.13,208.70,210.02,208.49,214.47,0.87,sideways,0.00,0.20,false
2026-09-30,TER,400.91,1523800,58.44,83.53,322.93,420.21,326.00,415.61,-16.47,74,CupWithHandle|ThreeRisingValleys|AscendingScallop,516.99,HOLD,19.33,371.92,458.90,371.92,410.57,11.74,1.20,10.54,371.57,380.14,372.50,332.68,0.62,uptrend,0.00,0.42,false
2026-09-30,TGT,156.69,4457600,49.03,43.31,152.45,164.31,153.55,165.65,-56.69,74,DoubleBottom|DescendingScallop,104.69,HOLD,3.96,150.74,168.58,150.74,158.67,-2.47,-2.46,-0.01,158.38,157.64,154.87,128.22,1.36,uptrend,0.00,0.63,true
2026-09-30,TJX,132.31,7763500,47.38,80.15,123.06,135.11,122.78,134.67,-19.85,74,DoubleBottom|DoubleTop,205.15,HOLD,3.01,127.80,141.33,127.80,133.81,-1.17,-4.52,3.35,129.08,131.72,141.85,152.79,0.83,downtrend,0.00,0.27,false
2026-09-30,TMO,675.05,2323500,70.14,89.00,584.96,699.53,594.82,683.63,-11.00,74,ThreeRisingValleys|AscendingScallop,487.12,BUY,15.33,652.05,721.04,652.05,682.72,26.48,13.71,12.77,642.25,649.74,613.28,541.81,1.02,uptrend,0.83,0.90,true
2026-09-30,TPL,325.83,335600,35.10,1.82,323.35,386.90,324.80,393.00,-98.18,74,ThreeDescendingPeaks|DescendingScallop,216.00,SELL,13.92,346.71,284.06,346.71,318.87,-12.76,-7.06,-5.70,355.13,350.63,368.86,396.42,0.85,downtrend,0.00,0.08,false
2026-09-30,TPR,115.04,3891000,39.15,46.17,109.24,122.99,109.79,125.20,-53.83,74,DescendingScallop,142.08,HOLD,3.43,109.90,125.32,109.90,116.75,-4.10,-5.33,1.23,116.12,117.39,131.45,138.67,1.23,downtrend,0.00,0.08,false
2026-09-30,TRMB,57.11,2249800,44.71,28.35,56.30,60.00,56.01,61.00,-71.65,74,DoubleBottom|DoubleTop|HeadAndShoulders|DescendingScallop,165.87,HOLD,1.56,54.77,61.80,54.77,57.89,-0.69,-0.76,0.07,58.15,58.04,57.95,62.90,0.95,downtrend,0.00,0.08,false
2026-09-30,TSCO,31.29,8101700,36.62,9.97,30.69,35.41,30.99,35.82,-90.03,74,ThreeDescendingPeaks|DescendingScallop,216.00,SELL,0.99,32.77,28.33,32.77,30.80,-1.24,-1.05,-0.18,33.05,32.75,33.46,40.12,0.87,downtrend,0.00,0.08,false
2026-09-30,TSLA,354.81,39158100,46.00,21.81,347.74,382.86,345.88,386.83,-78.19,74,DoubleBottom|DoubleTop,157.55,HOLD,12.27,336.40,391.63,336.40,360.95,3.54,5.85,-2.32,365.30,362.84,346.96,394.23,1.01,downtrend,0.00,0.08,false
2026-09-30,TT,451.98,1762000,55.07,82.97,418.58,460.25,413.97,459.78,-17.03,74,DoubleBottom,389.42,BUY,10.52,436.19,483.55,436.19,457.24,-3.97,-8.56,4.59,439.42,444.13,455.03,447.02,1.55,sideways,0.83,0.55,true
2026-09-30,TTD,12.17,18489900,31.30,9.26,11.79,15.66,11.85,15.31,-90.74,74,ThreeDescendingPeaks|DescendingScallop,216.00,SELL,0.60,13.07,10.37,13.07,11.87,-0.40,0.10,-0.50,13.72,13.38,14.73,22.84,0.70,downtrend,0.00,0.08,false
2026-09-30,TXN,280.09,3959000,60.83,84.43,249.72,283.39,248.13,284.39,-15.57,74,AscendingScallop,387.50,HOLD,7.71,268.52,303.23,268.52,283.95,5.96,2.29,3.67,266.56,270.58,270.62,247.72,0.68,uptrend,0.83,0.57,true
2026-09-30,TYL,318.60,693900,37.92,13.13,307.09,375.54,312.04,393.53,-86.87,74,ThreeDescendingPeaks|DescendingScallop,216.00,SELL,12.39,337.19,281.42,337.19,312.40,-14.97,-9.53,-5.44,341.32,335.12,334.52,346.73,0.93,downtrend,0.00,0.08,false
2026-09-30,UBER,68.51,15593100,37.42,14.65,66.71,76.09,67.73,78.35,-85.35,74,ThreeDescendingPeaks|DescendingScallop,200.00,SELL,1.91,71.37,62.78,71.37,67.56,-2.93,-3.01,0.08,71.40,71.11,73.10,74.89,0.83,downtrend,0.00,0.08,false
2026-09-30,ULTA,546.17,325600,52.46,46.27,532.59,562.15,529.01,568.44,-53.73,74,DoubleBottom|DoubleTop|HeadAndShoulders|MeasuredMoveUp,117.02,HOLD,15.73,522.57,593.37,522.57,554.04,1.09,4.91,-3.82,547.37,544.30,532.16,556.23,0.63,downtrend,0.00,0.22,false
2026-09-30,UNP,272.13,3246000,31.72,18.64,267.74,293.41,268.26,292.58,-81.36,74,ThreeDescendingPeaks|DescendingScallop,133.25,HOLD,5.04,264.57,287.26,264.57,274.65,-9.87,-10.39,0.53,280.58,280.53,291.48,264.42,1.34,uptrend,0.00,0.27,false
2026-09-30,UPS,93.44,3857700,34.24,15.81,91.11,105.45,91.63,104.38,-84.19,74,ThreeDescendingPeaks|DescendingScallop,204.11,SELL,2.12,96.61,87.09,96.61,92.38,-3.58,-2.56,-1.02,98.28,97.62,102.80,105.07,0.81,downtrend,0.00,0.08,false
2026-09-30,URI,1000.78,679000,42.09,36.47,972.60,1051.83,967.58,1056.99,-63.53,74,DoubleBottom|DoubleTop|HeadAndShoulders,86.88,HOLD,31.62,953.35,1095.63,953.35,1016.59,3.05,-18.05,21.10,1012.21,1025.88,1066.07,945.37,1.43,uptrend,0.00,0.55,true
2026-09-30,VLTO,94.32,2228500,42.76,19.33,93.51,97.87,92.92,99.25,-80.67,74,DoubleBottom|DoubleTop|DescendingScallop,115.67,HOLD,1.75,91.69,99.57,91.69,95.20,-0.61,-1.26,0.66,95.69,95.96,96.42,93.04,1.28,uptrend,0.00,0.27,false
2026-09-30,VMC,244.63,1511000,38.56,33.55,235.80,262.84,239.90,267.99,-66.45,74,DoubleBottom|DescendingScallop,180.62,HOLD,6.68,234.60,264.68,234.60,247.97,-9.51,-11.17,1.66,249.32,250.49,266.49,284.60,1.22,downtrend,0.00,0.08,false
2026-09-30,VRSN,282.01,759400,41.77,19.50,277.25,307.70,275.23,310.00,-80.50,74,DoubleBottom|HeadAndShoulders,143.08,HOLD,7.66,270.52,304.98,270.52,285.84,1.44,4.02,-2.57,292.48,290.44,288.26,265.43,1.04,uptrend,0.00,0.23,false
2026-09-30,VRT,241.31,4163300,42.91,45.13,224.99,280.28,226.94,295.34,-54.87,74,DescendingScallop,184.81,HOLD,12.23,222.97,277.99,222.97,247.42,-8.50,-7.74,-0.76,252.63,251.60,262.91,263.73,0.78,downtrend,0.00,0.08,false
2026-09-30,VRTX,522.81,1146000,50.39,75.48,496.53,551.54,501.01,560.25,-24.52,74,DoubleBottom|DescendingScallop,213.19,HOLD,11.72,505.23,557.97,505.23,528.67,-10.95,-13.00,2.04,524.04,522.95,516.89,473.10,1.11,uptrend,0.00,0.35,false
2026-09-30,WAB,287.18,883200,50.66,67.67,273.82,294.00,273.01,293.95,-32.33,74,DoubleBottom|ThreeRisingValleys|AscendingScallop,422.66,HOLD,5.89,278.35,304.84,278.35,290.12,-0.15,-3.97,3.82,283.91,286.83,290.84,260.76,1.14,uptrend,0.67,0.68,true
2026-09-30,WAT,439.39,665900,64.93,80.86,395.20,445.76,392.95,448.21,-19.14,74,AscendingScallop,388.73,BUY,11.55,422.06,474.05,422.06,445.17,9.87,4.28,5.59,420.48,424.24,408.23,363.15,0.97,uptrend,0.83,0.82,true
2026-09-30,WDAY,190.46,2109900,51.25,46.03,180.78,202.59,181.47,211.83,-53.97,74,DoubleBottom|BearishFlag|HeadAndShoulders|DescendingScallop,74.66,HOLD,7.64,179.00,213.37,179.00,194.28,-1.74,-2.86,1.12,191.68,190.56,183.63,157.58,0.82,uptrend,0.00,0.63,true
2026-09-30,WELL,230.24,2995800,43.16,18.20,227.82,239.89,228.00,242.57,-81.80,74,DoubleBottom|DescendingScallop,150.77,HOLD,4.81,223.03,244.66,223.03,232.64,-3.28,-2.77,-0.51,233.85,233.36,236.41,213.70,1.15,uptrend,0.00,0.40,false
2026-09-30,WM,203.92,2337900,26.72,2.30,202.10,222.98,203.55,221.95,-97.70,74,ThreeDescendingPeaks|DescendingScallop,216.00,SELL,3.32,208.89,193.97,208.89,202.26,-5.03,-4.45,-0.58,212.54,211.73,221.18,224.98,1.06,downtrend,0.00,0.08,false
2026-09-30,WSM,227.94,1203300,48.51,63.80,218.31,234.36,216.68,234.33,-36.20,74,DoubleBottom|DoubleTop|HeadAndShoulders,118.04,HOLD,6.70,217.88,248.05,217.88,231.29,-1.13,-3.57,2.44,226.33,228.60,233.16,208.39,1.04,uptrend,0.00,0.55,true
2026-09-30,WST,370.76,471200,60.19,70.88,331.12,386.62,331.99,382.71,-29.12,74,ThreeRisingValleys|AscendingScallop,405.89,BUY,8.40,358.15,395.97,358.15,374.96,13.96,7.84,6.12,358.87,363.00,351.51,301.37,0.77,uptrend,0.83,0.75,true
2026-09-30,WY,19.05,11008600,17.95,0.00,19.07,23.93,19.05,23.47,-100.00,74,ThreeDescendingPeaks|DescendingScallop,216.00,SELL,0.54,19.85,17.44,19.85,18.78,-1.26,-1.11,-0.15,21.50,21.29,23.27,24.20,1.59,downtrend,0.00,0.08,false
2026-09-30,XOM,162.75,13088200,52.64,50.04,157.58,167.83,155.85,169.64,-49.96,74,DoubleBottom,205.64,HOLD,3.59,157.37,173.51,157.37,164.54,0.27,0.66,-0.39,162.70,161.91,160.21,148.64,0.92,uptrend,0.00,0.14,false
2026-09-30,XYL,101.27,2681300,28.98,11.38,100.79,111.20,100.17,110.13,-88.62,74,DoubleTop,197.04,HOLD,2.50,97.52,108.77,97.52,102.52,-2.02,-2.37,0.35,105.99,106.16,112.81,121.36,0.96,downtrend,0.00,0.08,false
2026-09-30,ZBRA,373.31,334100,62.41,82.12,334.48,378.82,336.40,380.85,-17.88,74,DoubleBottom|ThreeRisingValleys|AscendingScallop,523.98,HOLD,10.92,356.93,406.08,356.93,378.77,3.37,-2.45,5.82,356.65,359.94,346.24,266.09,0.59,uptrend,0.83,0.82,true
